Donor_id,Name,Age,Gender,Phone,Blood_Group,Last_donation
1,Vaibhav Chaudhry,43,Female,2332146881,B-,2023-09-03
2,Krish Kade,29,Male,9935632729,B-,2024-12-23
3,Dharmajan Sehgal,23,Female,1756048063,O+,2023-11-12
4,Hazel Baria,52,Male,08397052327,O-,2024-10-16
5,Damini Sahota,44,Male,+910102761612,AB-,2024-04-06
6,Miraya Agate,31,Male,05286303748,O-,2023-07-02
7,Tarini Bhatnagar,29,Female,07029296111,A-,2023-11-14
8,Ritvik Chahal,23,Female,+916238573415,AB-,2024-03-22
9,Parinaaz Bansal,20,Female,4090536656,A+,2024-02-28
10,Zeeshan Talwar,31,Female,08120567343,A-,2024-01-21
11,Emir Vohra,51,Male,5336471764,O-,2025-03-17
12,Damini Din,40,Male,5782464692,B-,2024-11-25
13,Vaibhav Sane,46,Male,9973653505,B+,2025-04-01
14,Kartik Walla,25,Male,2463656018,B+,2024-01-09
15,Aarav Lal,44,Male,02873467889,O+,2023-07-31
16,Krish Shankar,23,Male,+911419006458,AB+,2023-08-15
17,Kartik Shukla,18,Female,+916624752276,AB-,2024-12-20
18,Jhanvi Sehgal,51,Female,+915434796279,B-,2025-03-13
19,Nitya Chad,58,Male,+918378015715,O-,2024-08-18
20,Jiya Sangha,52,Female,4095642290,B+,2024-05-11
21,Armaan Bajwa,48,Male,08384270633,B+,2023-09-02
22,Aradhya Chada,27,Female,04518382581,A-,2025-01-30
23,Samaira Bhatnagar,25,Male,+912810862539,AB+,2024-11-11
24,Shlok Som,29,Female,+915634212780,B+,2024-10-08
25,Uthkarsh Sanghvi,53,Female,+913979122754,O-,2024-09-11
26,Khushi Bajaj,34,Male,6042204844,AB-,2024-10-30
27,Bhamini Kala,22,Female,+910529555064,A+,2023-09-17
28,Ira Borra,21,Female,0466832860,B-,2024-04-17
29,Nakul Sabharwal,43,Female,02916090322,O+,2024-04-08
30,Biju Wable,44,Female,02962008671,A-,2024-11-04
31,Khushi Dada,20,Female,06279158239,O+,2024-02-09
32,Lakshay Sehgal,32,Female,+916932273242,B-,2023-07-09
33,Miraan Dara,37,Male,3668813459,AB-,2024-09-27
34,Bhamini Chandra,33,Female,+910060530424,AB+,2024-02-15
35,Aayush Mani,23,Female,4351256248,O+,2024-08-19
36,Kiaan Kara,22,Female,+910532916055,AB-,2024-01-06
37,Nirvaan Luthra,52,Male,+911002335941,AB+,2024-02-22
38,Adira Bhandari,36,Female,6157686845,B+,2024-07-23
39,Zara Bhardwaj,42,Female,08310345914,B-,2024-04-15
40,Misha Ratta,39,Male,+913778094161,AB-,2025-05-04
41,Raunak Kota,60,Female,7658398146,AB+,2024-10-23
42,Darshit Rajagopal,60,Male,07759100912,AB+,2023-07-06
43,Kartik Kakar,44,Male,9900153310,O+,2024-05-20
44,Reyansh Chand,60,Female,+914261426611,A+,2025-01-13
45,Eshani Doshi,50,Male,02410914762,A+,2023-11-21
46,Kismat Khurana,37,Male,+918474842742,O-,2024-10-10
47,Shalv Kumer,34,Female,+918395981386,O-,2023-10-13
48,Kaira Acharya,51,Female,06910616711,B-,2025-04-17
49,Kartik Virk,24,Female,+913431244283,A-,2023-09-22
50,Mannat Bhalla,20,Male,00346580747,O+,2024-07-06
51,Madhav Ghosh,41,Female,+910583389672,B-,2025-01-26
52,Ivana Chakrabarti,43,Female,8840099522,B+,2024-08-10
53,Azad Bandi,47,Female,5845285184,B+,2024-12-26
54,Nitya Garg,46,Female,03202176688,O+,2023-10-11
55,Umang Rajagopalan,29,Female,6413521410,AB+,2024-10-08
56,Vidur Dugar,35,Female,3919446222,O+,2024-11-01
57,Rati Sahota,48,Female,+918884236882,B+,2025-02-21
58,Romil Kalla,52,Male,6150737174,O-,2023-11-20
59,Vanya Kulkarni,18,Male,+912715825801,AB-,2023-12-20
60,Madhav Sengupta,22,Female,0738770309,A+,2023-10-03
61,Indrans Reddy,52,Female,02287490040,A+,2023-09-20
62,Piya Dash,38,Female,6572495205,AB+,2024-11-20
63,Heer Trivedi,26,Male,+916428471664,O+,2025-04-01
64,Anvi Acharya,21,Female,2043202834,B-,2023-10-18
65,Samarth Hegde,36,Male,06245202877,O-,2025-03-11
66,Sara Tripathi,44,Male,05259290868,B-,2025-01-09
67,Yashvi Kaur,49,Male,+918165685531,AB+,2024-07-30
68,Mamooty Ratti,60,Female,+916236351200,A-,2023-10-13
69,Mohanlal Keer,30,Male,03475802869,AB-,2023-07-10
70,Samar Devi,52,Male,2927952777,A-,2024-12-31
71,Amani Sankar,26,Male,7994879717,A-,2025-04-05
72,Pari Karan,50,Female,+911570665032,B+,2024-05-11
73,Ira Kala,32,Male,0129323405,AB-,2025-03-15
74,Azad Sinha,39,Female,+910339338027,B-,2024-06-28
75,Anika Goda,29,Male,05534071290,B+,2023-12-17
76,Yasmin Vohra,59,Male,04552754770,B-,2024-04-18
77,Aniruddh Datta,24,Male,9151065025,O-,2023-08-31
78,Tejas Raja,23,Male,04546293481,B+,2024-02-09
79,Oorja Khosla,41,Female,+911315653302,AB-,2023-09-13
80,Zaina Mand,20,Female,02055364722,A+,2024-07-05
81,Nirvi Balasubramanian,28,Male,+910457202459,A+,2024-07-20
82,Nishith Dugar,53,Female,+910346191820,AB+,2025-01-02
83,Samar Konda,49,Female,05293368746,A-,2025-03-28
84,Alia Comar,40,Male,08035731802,AB-,2024-05-31
85,Kiaan Deshpande,60,Female,00112031111,A+,2024-04-18
86,Advik Sengupta,35,Male,05527690627,B+,2023-05-29
87,Drishya Kata,19,Female,01524490330,O+,2024-03-05
88,Siya Sachdev,50,Male,+919714863102,B+,2023-11-19
89,Zaina Bhasin,44,Male,+913226194133,B-,2024-09-03
90,Parinaaz Randhawa,59,Female,09794948728,B+,2023-10-06
91,Heer Gera,24,Female,03891211293,A+,2023-10-07
92,Eshani Master,19,Male,04046259019,B+,2024-11-05
93,Suhana Kumar,58,Female,4522759725,A+,2024-08-21
94,Pari Dara,29,Female,+914439891792,B+,2025-05-05
95,Ranbir Sabharwal,59,Male,07239408740,O+,2024-02-07
96,Abram Solanki,22,Male,02984812689,B-,2024-05-24
97,Heer Grewal,45,Male,+912081719648,O-,2023-08-21
98,Urvi Master,23,Female,7091799953,B+,2024-09-12
99,Samarth Behl,54,Female,0123493397,B-,2025-01-26
100,Sahil Chopra,45,Male,07402391162,B+,2024-12-22
101,Prisha Ratta,48,Male,+913964111572,B+,2023-06-06
102,Dishani Barad,34,Male,+916384738596,A-,2024-09-10
103,Sana Chada,33,Male,02326774565,O+,2024-03-30
104,Miraya Kurian,51,Male,+913788076803,B-,2024-08-25
105,Ahana  Rajagopal,38,Female,6703313862,O-,2024-10-27
106,Nehmat Choudhury,24,Male,06519970368,A+,2024-02-16
107,Zara Vyas,21,Female,2058534513,B-,2025-03-18
108,Ritvik Karpe,60,Female,09620198085,B+,2024-08-07
109,Anahi Badami,60,Female,0722465034,A+,2023-09-25
110,Jiya Mann,51,Female,6039178232,B-,2024-04-30
111,Shalv Bhargava,25,Male,08179920826,AB-,2024-04-05
112,Mamooty Datta,27,Female,2204457367,AB+,2024-10-18
113,Divit Kuruvilla,46,Male,00532500268,A+,2024-05-10
114,Shlok Lad,32,Male,06531592921,A-,2024-04-15
115,Inaaya  Goda,19,Female,00544213041,AB-,2024-04-19
116,Mannat Venkatesh,33,Male,08148173225,A-,2025-04-16
117,Shaan Kumar,19,Male,06139725894,B-,2024-09-23
118,Mohanlal Bhat,39,Female,0290135878,A-,2023-07-18
119,Khushi Ray,18,Female,6723795471,A-,2023-07-05
120,Khushi Bajwa,45,Male,06434412901,AB-,2023-12-16
121,Yashvi Mangal,45,Female,09323623090,AB+,2024-06-08
122,Shaan Aurora,40,Male,07453836394,AB+,2023-11-12
123,Emir Ganguly,33,Male,+910119906238,A+,2024-09-26
124,Kimaya Saxena,35,Female,+915796246374,A-,2024-08-04
125,Amani Som,37,Male,05799837825,B-,2024-02-11
126,Kavya Sethi,60,Female,6478444534,A+,2023-08-31
127,Reyansh Bava,34,Male,00469371626,O+,2025-01-04
128,Anahi Rajan,19,Female,03008798930,O-,2023-05-19
129,Bhavin Dugar,46,Female,08394345961,AB-,2023-12-04
130,Fateh Karpe,33,Male,+913830288835,AB+,2024-03-27
131,Ritvik Chanda,31,Male,+915541138546,AB+,2024-01-30
132,Samarth Dhawan,49,Female,04819615907,A-,2023-05-26
133,Sumer Boase,19,Male,+916751627765,A-,2023-07-29
134,Manjari Sibal,26,Female,03974119274,B-,2024-03-01
135,Yasmin Yogi,60,Male,08610940019,A+,2025-01-04
136,Baiju Kala,38,Male,04956182716,B-,2023-06-25
137,Lakshit Toor,58,Male,+910704010620,A+,2024-02-23
138,Kaira Bali,36,Male,03358491840,B+,2023-06-01
139,Shamik Sami,36,Male,+915907798271,O+,2025-01-21
140,Baiju Hayre,37,Male,02176355024,O+,2024-04-08
141,Jiya Sarin,58,Male,00098189599,A-,2024-08-06
142,Arnav Bose,51,Female,04425112643,AB+,2024-11-27
143,Ranbir Kibe,35,Male,8028264506,A+,2023-08-28
144,Heer Guha,22,Female,06312468689,O-,2024-04-03
145,Nirvaan Gill,26,Female,00143396997,O-,2024-09-28
146,Advik Krishnan,50,Female,4301208505,O-,2024-08-23
147,Ojas Jani,50,Female,+917302613753,B+,2024-01-24
148,Tejas Krishna,36,Male,03220474193,B-,2024-06-05
149,Nayantara Singhal,50,Male,+918363173872,B-,2023-08-19
150,Manikya Saxena,40,Male,8716395571,B-,2023-10-17
151,Jayan Gala,45,Male,00775363766,A+,2024-05-28
152,Raghav Upadhyay,43,Male,1211925595,A+,2024-03-02
153,Shlok Barad,23,Female,+918330047962,O-,2025-01-19
154,Neysa Tailor,23,Male,09344101377,B-,2025-02-07
155,Advik Rege,33,Female,6604506734,B-,2025-01-11
156,Shalv Amble,27,Female,+914596623671,AB+,2024-11-12
157,Adira Sankar,53,Male,02855720209,A-,2023-08-16
158,Nakul Jaggi,25,Female,+914154104249,A+,2024-09-27
159,Amani Bhargava,37,Female,09943680205,AB-,2023-12-09
160,Ishaan Bhakta,20,Female,+910708294810,AB+,2024-01-03
161,Saksham Dugar,52,Female,2342914790,B-,2024-05-17
162,Zara Krishna,26,Male,+918215031608,AB-,2023-05-27
163,Shlok Srinivasan,53,Male,00714107173,B-,2023-08-04
164,Shray Chandra,51,Female,+918048327978,O-,2024-11-22
165,Neelofar Tandon,56,Female,1958335663,B+,2023-11-25
166,Aarav Kurian,52,Female,01528585499,A+,2025-04-22
167,Indranil Choudhry,56,Female,+913953898136,B+,2024-12-28
168,Reyansh Krishnan,45,Male,04746785493,A-,2023-11-09
169,Ojas Suresh,38,Female,6074670273,AB-,2024-11-12
170,Ishita Dada,53,Female,7845664523,A-,2023-10-24
171,Yasmin Varghese,36,Male,6879827128,AB-,2024-03-01
172,Ritvik Bera,30,Male,0696878971,A+,2024-11-10
173,Purab Banerjee,58,Male,8254530326,O-,2024-04-03
174,Kashvi Virk,45,Female,05798291166,AB-,2023-09-10
175,Reyansh Bhavsar,59,Female,+916530453042,AB+,2025-01-21
176,Kiara Goyal,31,Female,+911728216612,B+,2025-03-05
177,Bhamini Barad,34,Male,+917848488966,A+,2024-04-27
178,Aarna Chaudhry,42,Female,+912789138935,B-,2023-09-09
179,Anika Sagar,25,Female,2438775043,AB+,2024-03-17
180,Yakshit Shroff,26,Male,+912613768408,B+,2024-07-18
181,Anaya Batra,60,Male,+912189324495,AB+,2024-12-14
182,Anya Mallick,33,Female,05727292496,B+,2024-08-10
183,Nitya Kohli,37,Female,8123748848,O+,2025-02-03
184,Miraya Jhaveri,40,Male,+917308300017,O-,2024-09-17
185,Zain Virk,48,Male,7111117998,O-,2024-07-04
186,Purab Wali,33,Male,04568496740,B+,2024-01-30
187,Baiju Yogi,22,Female,4691798923,B+,2023-07-20
188,Inaaya  Sehgal,40,Male,9136819955,A-,2025-04-23
189,Anika Bhardwaj,31,Male,2021519965,O-,2024-10-13
190,Taimur Lalla,59,Female,9370642122,O-,2023-07-28
191,Zain Bala,18,Male,8146713118,A+,2023-08-26
192,Lavanya Tata,32,Male,03531855426,O+,2024-11-01
193,Jivika Ratta,26,Female,+916803610543,AB+,2023-08-24
194,Badal Choudhary,19,Male,+917416201299,AB+,2025-03-12
195,Advika Agate,58,Male,+911590609624,B-,2023-10-03
196,Akarsh Batta,43,Female,+915921776353,O-,2024-12-20
197,Jayesh Balay,36,Female,00042959314,B+,2023-06-01
198,Manjari Varty,20,Female,+915834103787,AB-,2023-11-06
199,Anay Barad,30,Female,9247914942,AB+,2024-11-08
200,Jayant Ravi,50,Female,8979273734,O-,2025-02-16
201,Keya Deo,42,Female,+910468526172,AB+,2023-08-27
202,Kaira Chandra,37,Female,+915767307233,A+,2023-10-16
203,Heer Rajagopal,29,Male,+913678300934,AB+,2024-09-13
204,Myra Balay,29,Male,+916860818518,B+,2023-11-14
205,Drishya Dixit,32,Female,01958058754,AB+,2024-06-13
206,Darshit Vala,43,Female,00832995100,O+,2024-11-24
207,Aarush Yohannan,34,Female,+918962054760,B+,2025-05-02
208,Yuvaan Dugal,27,Female,3315521088,O-,2024-07-28
209,Krish Chandra,48,Female,08627823989,B+,2024-06-07
210,Jivika Raman,54,Male,07580737610,A+,2023-12-10
211,Azad Saxena,43,Male,03640891432,O-,2024-10-03
212,Sumer Chokshi,50,Male,06684453785,O+,2024-06-04
213,Akarsh Kapoor,45,Female,06652164950,AB-,2024-09-30
214,Kimaya Jhaveri,22,Male,05644974351,B-,2023-08-04
215,Fateh Venkatesh,33,Female,+913096676674,B+,2024-08-31
216,Gokul Krishnan,44,Male,07320962298,AB-,2025-02-15
217,Mahika Chaudhuri,29,Male,8894469000,A+,2025-02-09
218,Jiya Setty,58,Female,3763935651,O+,2024-09-30
219,Pihu Bhakta,34,Female,6296441158,AB-,2023-12-08
220,Kabir Saran,18,Male,02669792869,O+,2023-09-06
221,Kiaan Kuruvilla,59,Female,9987349077,AB-,2024-07-29
222,Baiju Chawla,28,Male,00682793857,O-,2023-10-04
223,Lagan Chadha,41,Male,+912113059692,O-,2024-02-09
224,Sana Bhat,47,Male,+919828452284,O-,2023-06-05
225,Ayesha Batta,51,Female,04082740408,AB+,2023-11-07
226,Emir Dey,46,Female,4275080620,A-,2023-12-30
227,Kiaan Thakkar,20,Female,4531451421,B-,2025-01-04
228,Jayant Varkey,40,Female,+919976418839,A+,2024-04-13
229,Khushi Wali,45,Female,+919669456831,A+,2024-10-20
230,Sumer Raja,26,Male,+910068290520,O+,2023-11-02
231,Arhaan Sarin,18,Male,6870585678,B+,2023-09-14
232,Saksham Joshi,30,Male,+917119007724,B-,2024-08-22
233,Piya Bajwa,19,Female,+913330985757,A+,2025-03-25
234,Sahil Thakur,30,Male,6457386387,B-,2024-09-26
235,Ishaan Saha,56,Male,06504347386,B-,2023-11-26
236,Madhav Jha,18,Male,+910133668675,O-,2024-08-11
237,Aradhya Anne,48,Female,00770285905,AB-,2024-05-18
238,Bhavin Chokshi,39,Male,06339420431,AB+,2025-04-21
239,Himmat Karan,59,Female,04981416811,A-,2024-11-18
240,Suhana Dasgupta,55,Male,+914683314178,B-,2024-03-25
241,Navya Sha,36,Female,+911904345918,AB-,2024-10-30
242,Shaan Edwin,48,Female,00507765494,AB+,2023-07-18
243,Indrans Ratta,48,Female,9486457117,A+,2024-01-14
244,Rati Buch,19,Female,02858128314,A-,2024-06-03
245,Riya Joshi,24,Male,9759087262,O+,2023-05-11
246,Sara Venkatesh,41,Male,+919227094374,B+,2024-04-22
247,Madhav Issac,40,Female,9819835623,AB-,2023-06-18
248,Bhavin Sengupta,35,Female,02544297846,AB+,2024-04-04
249,Saira Raju,28,Male,+916741903160,AB+,2023-11-04
250,Ira Gaba,23,Male,5447151312,O-,2025-02-24
251,Prerak Rao,23,Male,5973448559,A-,2024-05-21
252,Aradhya Saxena,42,Female,+915964441473,B-,2024-08-30
253,Arhaan Khanna,21,Male,09736442709,AB+,2023-10-11
254,Kartik Vasa,43,Male,00865086925,A+,2024-05-24
255,Prerak Zachariah,38,Male,02272080711,O+,2024-08-06
256,Vritika Ghosh,49,Male,08876473797,B+,2023-05-12
257,Aaina Sarma,55,Male,+911648979627,A+,2024-12-01
258,Vaibhav Deep,20,Female,+913045326389,AB-,2024-01-14
259,Anvi Dora,27,Male,1833844242,B+,2024-07-18
260,Indrajit Shankar,59,Female,0298856440,AB+,2024-08-28
261,Keya Brahmbhatt,38,Male,06810399382,A+,2024-08-27
262,Anya Devan,34,Female,+918555426635,A-,2023-09-04
263,Lakshay Balan,23,Male,4508583775,A+,2023-07-26
264,Raunak Choudhry,55,Male,5192777727,AB-,2023-12-24
265,Ira Gaba,42,Female,6209039986,B+,2023-08-17
266,Reyansh Chanda,32,Male,1797972502,O+,2023-12-04
267,Anya Seshadri,47,Female,+912925443092,O+,2024-10-19
268,Onkar Mammen,46,Male,04828600165,AB+,2023-11-24
269,Samar Rattan,20,Male,3423997271,AB-,2024-01-16
270,Yuvraj  Yogi,31,Male,05671315780,A+,2024-11-11
271,Manjari Shan,20,Male,+914603330171,AB+,2024-02-16
272,Dhanuk Balan,18,Male,1365515344,A-,2024-11-16
273,Shlok Jaggi,19,Male,00032215958,A-,2025-01-02
274,Hrishita Chowdhury,22,Male,7437064204,A-,2025-04-19
275,Renee Roy,35,Female,+917244691808,AB-,2024-11-11
276,Tejas Konda,46,Female,+911197747361,A+,2024-02-25
277,Alisha Sant,29,Female,+919410923687,B-,2023-12-01
278,Darshit Aggarwal,47,Female,04013246559,A-,2024-05-11
279,Amira Brar,29,Female,7164229065,AB+,2023-09-03
280,Vihaan Majumdar,20,Male,03634722002,B-,2025-03-24
281,Amani Seshadri,50,Female,3612302252,B-,2023-08-21
282,Damini Ravi,47,Male,02583719884,AB+,2023-10-20
283,Inaaya  Chopra,44,Male,+914521384446,A-,2025-04-04
284,Indranil Hegde,28,Female,06729730623,A-,2024-11-02
285,Indranil Joshi,30,Male,0314417992,B+,2023-08-06
286,Nehmat Khare,45,Male,02183428639,AB+,2025-02-15
287,Ivana Shah,33,Male,7845546924,A+,2023-06-15
288,Samaira Chakrabarti,57,Female,05114677063,O-,2023-08-13
289,Kabir Sandal,35,Female,+910795623305,O-,2024-12-26
290,Lakshit Khatri,53,Female,01502455758,AB-,2024-01-05
291,Dhanuk Walla,33,Male,01859567273,B+,2025-02-28
292,Alia Zacharia,59,Male,08448747575,B+,2023-08-31
293,Nirvi Dara,33,Male,2633764239,O+,2023-07-03
294,Yuvaan Dewan,36,Male,+910151413971,AB+,2024-04-09
295,Manikya Acharya,29,Female,+912361161597,A+,2025-02-24
296,Tanya Bassi,56,Male,+913650204347,AB+,2024-05-04
297,Aradhya Mammen,26,Male,1769277352,O-,2024-05-16
298,Lavanya Vyas,54,Female,04538966214,B+,2024-05-22
299,Raunak Desai,41,Male,+915739833521,B-,2023-06-24
300,Sumer Wali,35,Female,3402336295,B-,2023-08-22
301,Gokul Dhar,50,Male,+914883549355,O-,2023-05-25
302,Zain Mahajan,54,Male,01416635216,O-,2024-07-28
303,Shayak Dara,59,Female,+915443725689,O-,2024-11-12
304,Ahana  Bora,31,Female,+914394923903,A+,2023-11-21
305,Nakul Dave,47,Female,+918864607796,A+,2024-04-30
306,Prisha Zacharia,18,Female,4714323159,B+,2023-08-11
307,Aarav Goyal,52,Female,+912842221314,A-,2024-12-17
308,Kabir Luthra,42,Male,05314420126,AB-,2024-10-21
309,Priyansh Behl,27,Male,05515550326,A-,2024-01-01
310,Baiju Bhandari,24,Female,+913247032853,AB+,2023-06-28
311,Kartik Lal,50,Female,5128897489,O-,2025-05-05
312,Alisha Buch,57,Male,05845606856,O-,2023-09-24
313,Heer Sarraf,55,Female,+910427441250,B-,2024-05-20
314,Tushar Gole,38,Male,03858231490,A+,2023-07-20
315,Samaira Raval,25,Male,+918679729922,B-,2023-05-16
316,Rohan Suresh,36,Male,3034887844,B-,2023-10-07
317,Advika Sant,48,Male,7099593077,AB+,2024-09-27
318,Lakshay Kade,42,Female,1568622124,AB+,2025-03-11
319,Emir Devan,29,Male,6212616820,A-,2025-02-12
320,Siya Ray,42,Male,02559229659,O+,2023-06-03
321,Prerak Vala,57,Male,8641405954,B-,2023-10-04
322,Shlok Madan,45,Female,+914516505586,A-,2025-02-12
323,Hazel Shan,22,Female,+910594530747,O-,2024-12-12
324,Adira Lanka,32,Male,04981404269,A-,2024-03-26
325,Hiran Subramaniam,33,Female,+912466361758,O-,2024-10-17
326,Sana Ramaswamy,53,Female,+912434588783,O+,2023-09-13
327,Anaya Tata,56,Female,+915409350200,B+,2024-02-04
328,Raghav Sunder,26,Male,6553727085,B+,2024-03-17
329,Dharmajan Bhargava,47,Female,04659321215,AB+,2024-04-21
330,Advika Kari,42,Female,05227198357,A-,2023-08-12
331,Seher Zachariah,50,Male,+914398036620,B-,2023-12-23
332,Umang Dar,51,Male,9294342369,O-,2023-06-14
333,Dhruv Atwal,45,Male,7724338111,B-,2025-02-02
334,Anahi De,46,Female,+911686602419,O-,2025-04-20
335,Shlok Gade,30,Male,+912224195819,A-,2024-08-27
336,Drishya Bassi,52,Female,03535102627,B+,2024-12-16
337,Misha Basak,59,Male,08384634536,AB-,2024-04-11
338,Jayesh Anne,59,Female,+912904819040,A-,2023-09-18
339,Hansh Kulkarni,54,Female,1989350426,A+,2024-10-18
340,Eshani Rau,44,Female,9597487526,B+,2025-04-28
341,Suhana Sengupta,38,Female,+917453835832,B-,2024-08-05
342,Advik Sharma,41,Male,05307813838,B-,2024-01-11
343,Shray Dara,36,Female,+919847693844,AB-,2023-08-08
344,Shlok Chakraborty,43,Male,+919482277221,A+,2025-02-22
345,Veer Dar,55,Male,06572151033,AB-,2023-12-13
346,Aaryahi Basu,36,Female,00424362531,A+,2025-03-23
347,Romil Barad,48,Male,8151588624,B+,2024-07-18
348,Mamooty Rattan,58,Female,09198397566,AB-,2025-04-01
349,Sumer Thakur,30,Female,+919603717525,O-,2023-10-04
350,Hazel Khare,55,Female,+915615858340,A+,2024-10-14
351,Lagan Vyas,56,Male,05562575422,O-,2023-11-13
352,Umang Saha,27,Male,7250135948,B+,2024-01-08
353,Sahil Joshi,39,Male,1749718145,O-,2023-12-13
354,Drishya Baria,25,Female,05154257585,B+,2025-03-10
355,Kismat Bajwa,51,Male,8024531772,O+,2024-09-16
356,Kismat Manda,32,Female,+917438502540,B+,2023-07-23
357,Taimur Tiwari,27,Male,5145292505,AB+,2024-07-27
358,Devansh Dhawan,40,Female,+914285777554,B-,2024-04-12
359,Anaya Deol,46,Female,8616945001,A-,2023-11-27
360,Shanaya Shukla,49,Male,+912441312765,AB-,2024-09-18
361,Riaan Halder,59,Male,4465174368,AB-,2025-04-27
362,Samaira Wable,18,Male,+914441914002,O+,2023-11-30
363,Bhamini Gulati,18,Female,4435380672,O+,2024-04-15
364,Khushi Kala,41,Male,03325259185,A-,2024-05-20
365,Rohan Bora,54,Male,0640446027,B+,2025-01-18
366,Myra Tandon,20,Female,8056579902,O+,2025-04-01
367,Rohan Swaminathan,38,Female,09508970583,AB+,2024-12-08
368,Mamooty Sahni,22,Male,2326839157,A+,2024-07-19
369,Hansh Walla,24,Male,+916622493355,O+,2023-11-21
370,Vidur Batta,24,Female,+910392463158,A-,2024-01-21
371,Stuvan Chaudhari,32,Male,+917641051833,B+,2024-05-04
372,Zain Das,24,Female,1202948757,AB+,2024-02-23
373,Pranay Loke,22,Male,07437844347,O-,2023-05-31
374,Tejas Kunda,29,Female,05435102221,AB+,2023-12-29
375,Elakshi Bhatt,58,Male,+913975226064,A+,2024-11-24
376,Manjari Gupta,56,Male,5055916091,A-,2024-09-16
377,Hunar Agrawal,40,Female,06346363728,B-,2023-09-13
378,Divyansh Agrawal,58,Female,+919078851469,O-,2024-11-09
379,Rania Sunder,30,Female,7532015164,AB-,2024-06-26
380,Saanvi Khare,46,Male,+919115556126,A+,2023-09-13
381,Riaan Ganguly,21,Female,7792625871,O+,2024-08-22
382,Madhup Wali,33,Female,7362860846,AB+,2025-02-05
383,Faiyaz Gera,26,Male,03994993422,A-,2024-06-08
384,Riya Lala,54,Female,3643438041,B-,2024-11-04
385,Amira Sandhu,32,Female,4272048146,B+,2024-10-06
386,Khushi Sahni,21,Male,+913096936999,A+,2024-06-10
387,Divij Dewan,19,Female,+912105598250,O-,2024-08-17
388,Stuvan Wadhwa,41,Male,9019805589,B-,2024-03-04
389,Kanav Uppal,33,Female,00902134949,B-,2025-01-19
390,Azad Dutta,39,Male,+911198997435,A+,2025-02-13
391,Zaina Krish,22,Male,+919729250061,O+,2024-11-03
392,Indrans Johal,32,Male,06009622217,B-,2024-05-16
393,Vivaan Swaminathan,46,Female,08450336353,B+,2024-08-19
394,Tejas Ghosh,43,Male,+911056045732,O-,2024-06-27
395,Fateh Bajwa,42,Female,07440439432,AB+,2024-05-16
396,Neelofar Zacharia,49,Male,+914671325984,O-,2023-05-24
397,Hansh Dhar,58,Male,+915753690254,AB-,2024-09-30
398,Manikya Verma,55,Female,+912863985997,AB+,2024-02-13
399,Stuvan Yadav,51,Female,06057555289,AB+,2024-06-30
400,Seher Singhal,40,Male,+913360046898,AB+,2024-11-11
401,Rhea Ramanathan,36,Male,05352063247,AB+,2025-03-18
402,Nirvaan Bumb,36,Female,00942667180,B-,2024-02-04
403,Abram Maharaj,25,Female,09163247750,B+,2024-04-03
404,Tara Ahluwalia,24,Female,01075673759,O-,2024-09-13
405,Pari Sinha,21,Male,07372432604,O-,2023-09-19
406,Taimur Bhagat,52,Male,+919052200272,A+,2025-01-19
407,Ishita Kamdar,21,Female,06541797778,O-,2023-11-21
408,Yuvraj  Tara,32,Female,+910681537351,B-,2023-06-06
409,Jivika Rao,34,Female,+912612041894,O+,2025-01-06
410,Rohan Sama,24,Male,+912745996757,O-,2024-11-13
411,Vedika Setty,31,Male,01868074014,A+,2024-12-10
412,Amira Ganguly,53,Male,07796739075,AB-,2024-12-06
413,Anay Deshmukh,36,Male,2313583679,A+,2024-04-28
414,Taran Rama,39,Female,03827344408,A-,2025-03-03
415,Manjari Bali,30,Female,03260862386,AB+,2024-03-19
416,Jiya Keer,58,Male,1979415219,AB-,2024-07-17
417,Vidur Mammen,42,Female,04149137449,A-,2023-09-30
418,Saanvi Kumer,43,Male,04551097368,AB-,2023-08-16
419,Lagan Wali,18,Female,01530342392,A-,2024-05-10
420,Piya Magar,26,Male,+913793197118,O+,2024-01-17
421,Mamooty Sehgal,40,Male,+911746390388,O+,2024-10-31
422,Zara Jain,48,Female,09290318954,O+,2024-06-14
423,Dhanuk Kari,46,Female,+918555122810,B-,2023-09-15
424,Alisha Borde,48,Female,0189557978,A-,2025-01-05
425,Saksham Sarkar,55,Male,+915398017313,O-,2024-07-11
426,Dhanush Ramakrishnan,28,Female,+915474345881,O+,2025-01-08
427,Bhavin Mann,18,Female,0917386969,A+,2025-05-08
428,Stuvan Konda,22,Male,06649698826,A+,2024-02-28
429,Purab Kulkarni,42,Female,6634391096,AB-,2023-07-05
430,Neysa Shah,42,Male,0321816774,B+,2024-02-13
431,Reyansh Bhalla,25,Female,08521820753,O-,2024-10-02
432,Anahi Dara,26,Male,6136766537,O-,2025-05-08
433,Azad Srivastava,34,Male,8891684891,A-,2025-03-20
434,Jayan Golla,43,Male,00960134290,A+,2024-03-26
435,Aradhya Balay,54,Male,9845688968,AB-,2024-09-27
436,Yuvraj  Ramaswamy,32,Female,6076291229,AB+,2023-09-15
437,Alisha Mann,25,Female,07360461417,A+,2025-03-07
438,Raunak Jani,39,Male,03276695252,AB-,2023-07-27
439,Riya Divan,56,Male,+915454653296,O-,2024-01-08
440,Pihu Kashyap,55,Male,09150327370,O-,2025-01-29
441,Ivana Jha,25,Male,4569417520,O+,2024-08-06
442,Elakshi Setty,28,Male,4762522163,O-,2024-04-02
443,Saksham Tara,30,Female,9181628707,AB-,2025-04-11
444,Elakshi Saraf,28,Female,08583742140,B-,2023-10-03
445,Nayantara Sankaran,42,Male,5955584483,A+,2023-08-26
446,Aarush Tiwari,53,Male,+911428197415,AB-,2023-07-27
447,Vardaniya Khosla,56,Male,05583779070,A+,2024-12-03
448,Elakshi Dey,41,Female,+918184924182,AB+,2024-11-12
449,Ayesha Keer,41,Male,+919857024850,A-,2024-12-21
450,Damini Bansal,60,Female,+917735553716,AB+,2024-10-16
451,Yuvaan Sarin,53,Male,9498980428,AB+,2023-12-29
452,Kanav Mand,50,Male,+911091018031,B+,2023-10-14
453,Pihu Sathe,27,Female,+919619373462,AB+,2023-05-16
454,Romil Tiwari,38,Male,+913478769815,O+,2023-10-15
455,Biju Kapadia,29,Female,9244657831,O+,2024-04-05
456,Riya Seshadri,30,Male,0796947833,B+,2024-07-12
457,Umang Din,45,Female,0625716148,A-,2024-09-01
458,Kashvi Ravi,40,Female,0307074166,A+,2025-01-17
459,Ehsaan Rama,36,Male,05008703109,B-,2023-09-01
460,Dhanush Karnik,43,Female,8157884541,O+,2025-04-19
461,Umang Chakraborty,50,Female,08728167594,B-,2023-05-20
462,Badal Ravel,20,Male,06521763893,B+,2025-04-03
463,Madhup Divan,50,Female,3840427487,A+,2024-06-18
464,Vidur Ghose,31,Female,+914891576828,O+,2024-10-26
465,Seher Amble,47,Male,+910323512988,A+,2023-07-14
466,Romil Sani,29,Female,6832666355,A-,2023-05-12
467,Aradhya Vaidya,30,Female,+915586869166,AB-,2024-09-01
468,Anaya Raj,59,Female,00765958839,AB-,2023-12-12
469,Inaaya  Jain,44,Male,5016842936,B+,2024-12-22
470,Kabir Banik,19,Female,07545325111,O-,2023-06-18
471,Jivika Dayal,34,Male,08010319825,B-,2023-06-27
472,Nehmat Talwar,34,Male,05579907163,B-,2024-03-27
473,Vivaan Batra,33,Male,05383168666,O-,2024-10-16
474,Lakshit Bhattacharyya,51,Female,9012015143,B+,2025-01-16
475,Veer Setty,32,Female,02639777137,A-,2024-04-19
476,Alia Kumar,31,Female,02148989341,AB-,2024-01-29
477,Mishti Ravel,25,Male,04337154800,B+,2024-06-06
478,Aarna Arya,38,Male,+915134282386,O-,2024-02-06
479,Jayesh Bala,39,Male,+911753401593,O+,2024-08-26
480,Zara Varma,46,Female,+912028208593,O+,2025-01-15
481,Lakshit Saxena,35,Male,03839419399,B+,2025-02-22
482,Hansh Badami,22,Male,+911983560193,AB-,2023-05-21
483,Samar Sandhu,38,Female,5622225609,A+,2024-05-22
484,Renee Choudhary,22,Male,+910924196200,B-,2024-09-05
485,Ranbir Kibe,18,Male,3560797473,AB+,2024-01-03
486,Inaaya  Dutt,56,Female,01981929919,B+,2024-03-01
487,Fateh Kade,59,Female,0699987104,B-,2024-07-03
488,Lakshay Dora,59,Female,7743410400,A-,2025-03-15
489,Jhanvi Lal,24,Male,4095634540,O-,2024-02-06
490,Urvi Basu,54,Female,7016802874,A+,2023-07-22
491,Vihaan D’Alia,42,Female,+910910433936,A+,2024-07-03
492,Alisha Dey,41,Male,+917533672554,O+,2024-01-24
493,Faiyaz Khanna,31,Female,5627987108,O+,2024-06-03
494,Reyansh Kumar,18,Male,0345216046,AB+,2024-04-22
495,Shaan D’Alia,57,Female,00165208917,O+,2024-12-21
496,Miraan Majumdar,30,Female,5065137783,O-,2025-03-04
497,Hansh Sridhar,38,Female,+917068911561,O-,2024-11-15
498,Jayant Kalita,52,Female,07324597100,AB-,2024-01-14
499,Vedika Balakrishnan,29,Male,0116352613,B+,2025-04-04
500,Sahil Bava,60,Female,02155228257,B-,2024-03-21
